system	mutation	ddG_foldx	BackHbond	SideHbond	Energy_VdW	Electro	Energy_SolvP	Energy_SolvH	Energy_vdwclash	energy_torsion	backbone_vdwclash	Entropy_sidec	Entropy_mainc	water bonds	helix dipole	cis_bond	kn electrostatic	Energy_Ionisation	exp_ddG	diff
6M0J_A_E	GE339A	0.0	-3.21	-11.12	-15.02	-3.16	20.88	-18.62	0.43	0.15	1.82	7.69	2.39	-2.28	-0.03	0.0	-0.1	0.07	0.06898	-0.06898
6M0J_A_E	GE339C	0.0	-3.21	-11.12	-15.02	-3.16	20.88	-18.62	0.43	0.15	1.82	7.69	2.39	-2.28	-0.03	0.0	-0.1	0.07	0.36566	-0.36566
6M0J_A_E	GE339D	0.0	-3.21	-11.12	-15.02	-3.16	20.88	-18.62	0.43	0.15	1.82	7.69	2.39	-2.28	-0.03	0.0	-0.1	0.07	-0.17962	0.17962
6M0J_A_E	GE339E	0.0	-3.21	-11.12	-15.02	-3.16	20.88	-18.62	0.43	0.15	1.82	7.69	2.39	-2.28	-0.03	0.0	-0.1	0.07	-0.01619	0.01619
6M0J_A_E	GE339F	0.0	-3.21	-11.12	-15.02	-3.16	20.88	-18.62	0.43	0.15	1.82	7.69	2.39	-2.28	-0.03	0.0	-0.1	0.07	0.13878	-0.13878
6M0J_A_E	GE339H	0.0	-3.21	-11.12	-15.02	-3.16	20.88	-18.62	0.43	0.15	1.82	7.69	2.39	-2.28	-0.03	0.0	-0.1	0.07	0.00034	-0.00034
6M0J_A_E	GE339I	0.0	-3.21	-11.12	-15.02	-3.16	20.88	-18.62	0.43	0.15	1.82	7.69	2.39	-2.28	-0.03	0.0	-0.1	0.07	0.42983	-0.42983
6M0J_A_E	GE339K	0.0	-3.21	-11.12	-15.02	-3.16	20.88	-18.62	0.43	0.15	1.82	7.69	2.39	-2.28	-0.03	0.0	-0.1	0.07	0.15788	-0.15788
6M0J_A_E	GE339L	0.0	-3.21	-11.12	-15.02	-3.16	20.88	-18.62	0.43	0.15	1.82	7.69	2.39	-2.28	-0.03	0.0	-0.1	0.07	0.41737	-0.41737
6M0J_A_E	GE339M	0.0	-3.21	-11.12	-15.02	-3.16	20.88	-18.62	0.43	0.15	1.82	7.69	2.39	-2.28	-0.03	0.0	-0.1	0.07	0.19208	-0.19208
6M0J_A_E	GE339N	0.0	-3.21	-11.12	-15.02	-3.16	20.88	-18.62	0.43	0.15	1.82	7.69	2.39	-2.28	-0.03	0.0	-0.1	0.07	-0.03375	0.03375
6M0J_A_E	GE339P	0.0	-3.21	-11.12	-15.02	-3.16	20.88	-18.62	0.43	0.15	1.82	7.69	2.39	-2.28	-0.03	0.0	-0.1	0.07	0.46223	-0.46223
6M0J_A_E	GE339Q	0.0	-3.21	-11.12	-15.02	-3.16	20.88	-18.62	0.43	0.15	1.82	7.69	2.39	-2.28	-0.03	0.0	-0.1	0.07	0.06485	-0.06485
6M0J_A_E	GE339R	0.0	-3.21	-11.12	-15.02	-3.16	20.88	-18.62	0.43	0.15	1.82	7.69	2.39	-2.28	-0.03	0.0	-0.1	0.07	0.21038	-0.21038
6M0J_A_E	GE339S	0.0	-3.21	-11.12	-15.02	-3.16	20.88	-18.62	0.43	0.15	1.82	7.69	2.39	-2.28	-0.03	0.0	-0.1	0.07	-0.04148	0.04148
6M0J_A_E	GE339T	0.0	-3.21	-11.12	-15.02	-3.16	20.88	-18.62	0.43	0.15	1.82	7.69	2.39	-2.28	-0.03	0.0	-0.1	0.07	0.16309	-0.16309
6M0J_A_E	GE339V	0.0	-3.21	-11.12	-15.02	-3.16	20.88	-18.62	0.43	0.15	1.82	7.69	2.39	-2.28	-0.03	0.0	-0.1	0.07	0.36297	-0.36297
6M0J_A_E	GE339W	0.0	-3.21	-11.12	-15.02	-3.16	20.88	-18.62	0.43	0.15	1.82	7.69	2.39	-2.28	-0.03	0.0	-0.1	0.07	0.27445	-0.27445
6M0J_A_E	GE339Y	0.0	-3.21	-11.12	-15.02	-3.16	20.88	-18.62	0.43	0.15	1.82	7.69	2.39	-2.28	-0.03	0.0	-0.1	0.07	0.2286	-0.2286
6M0J_A_E	SE371A	0.0	-3.21	-11.12	-15.02	-3.16	20.88	-18.62	0.43	0.15	1.82	7.69	2.39	-2.28	-0.03	0.0	-0.1	0.07	0.19886	-0.19886
6M0J_A_E	SE371C	0.0	-3.21	-11.12	-15.02	-3.16	20.88	-18.62	0.43	0.15	1.82	7.69	2.39	-2.28	-0.03	0.0	-0.1	0.07	0.27829	-0.27829
6M0J_A_E	SE371D	0.0	-3.21	-11.12	-15.02	-3.16	20.88	-18.62	0.43	0.15	1.82	7.69	2.39	-2.28	-0.03	0.0	-0.1	0.07	0.14619	-0.14619
6M0J_A_E	SE371E	0.0	-3.21	-11.12	-15.02	-3.16	20.88	-18.62	0.43	0.15	1.82	7.69	2.39	-2.28	-0.03	0.0	-0.1	0.07	0.20772	-0.20772
6M0J_A_E	SE371F	0.0	-3.21	-11.12	-15.02	-3.16	20.88	-18.62	0.43	0.15	1.82	7.69	2.39	-2.28	-0.03	0.0	-0.1	0.07	0.27168	-0.27168
6M0J_A_E	SE371G	0.0	-3.21	-11.12	-15.02	-3.16	20.88	-18.62	0.43	0.15	1.82	7.69	2.39	-2.28	-0.03	0.0	-0.1	0.07	0.23904	-0.23904
6M0J_A_E	SE371H	0.0	-3.21	-11.12	-15.02	-3.16	20.88	-18.62	0.43	0.15	1.82	7.69	2.39	-2.28	-0.03	0.0	-0.1	0.07	0.18603	-0.18603
6M0J_A_E	SE371I	0.0	-3.21	-11.12	-15.02	-3.16	20.88	-18.62	0.43	0.15	1.82	7.69	2.39	-2.28	-0.03	0.0	-0.1	0.07	0.259	-0.259
6M0J_A_E	SE371K	0.0	-3.21	-11.12	-15.02	-3.16	20.88	-18.62	0.43	0.15	1.82	7.69	2.39	-2.28	-0.03	0.0	-0.1	0.07	0.33187	-0.33187
6M0J_A_E	SE371L	0.0	-3.21	-11.12	-15.02	-3.16	20.88	-18.62	0.43	0.15	1.82	7.69	2.39	-2.28	-0.03	0.0	-0.1	0.07	0.28048	-0.28048
6M0J_A_E	SE371M	0.0	-3.21	-11.12	-15.02	-3.16	20.88	-18.62	0.43	0.15	1.82	7.69	2.39	-2.28	-0.03	0.0	-0.1	0.07	0.16284	-0.16284
6M0J_A_E	SE371N	0.0	-3.21	-11.12	-15.02	-3.16	20.88	-18.62	0.43	0.15	1.82	7.69	2.39	-2.28	-0.03	0.0	-0.1	0.07	0.01533	-0.01533
6M0J_A_E	SE371P	0.0	-3.21	-11.12	-15.02	-3.16	20.88	-18.62	0.43	0.15	1.82	7.69	2.39	-2.28	-0.03	0.0	-0.1	0.07	0.2799	-0.2799
6M0J_A_E	SE371Q	0.0	-3.21	-11.12	-15.02	-3.16	20.88	-18.62	0.43	0.15	1.82	7.69	2.39	-2.28	-0.03	0.0	-0.1	0.07	0.12842	-0.12842
6M0J_A_E	SE371R	0.0	-3.21	-11.12	-15.02	-3.16	20.88	-18.62	0.43	0.15	1.82	7.69	2.39	-2.28	-0.03	0.0	-0.1	0.07	0.15648	-0.15648
6M0J_A_E	SE371T	0.0	-3.21	-11.12	-15.02	-3.16	20.88	-18.62	0.43	0.15	1.82	7.69	2.39	-2.28	-0.03	0.0	-0.1	0.07	0.11402	-0.11402
6M0J_A_E	SE371V	0.0	-3.21	-11.12	-15.02	-3.16	20.88	-18.62	0.43	0.15	1.82	7.69	2.39	-2.28	-0.03	0.0	-0.1	0.07	0.21779	-0.21779
6M0J_A_E	SE371W	0.0	-3.21	-11.12	-15.02	-3.16	20.88	-18.62	0.43	0.15	1.82	7.69	2.39	-2.28	-0.03	0.0	-0.1	0.07	0.17826	-0.17826
6M0J_A_E	SE371Y	0.0	-3.21	-11.12	-15.02	-3.16	20.88	-18.62	0.43	0.15	1.82	7.69	2.39	-2.28	-0.03	0.0	-0.1	0.07	0.14208	-0.14208
6M0J_A_E	SE373A	0.0	-3.21	-11.12	-15.02	-3.16	20.88	-18.62	0.43	0.15	1.82	7.69	2.39	-2.28	-0.03	0.0	-0.1	0.07	-0.04696	0.04696
6M0J_A_E	SE373C	0.0	-3.21	-11.12	-15.02	-3.16	20.88	-18.62	0.43	0.15	1.82	7.69	2.39	-2.28	-0.03	0.0	-0.1	0.07	0.22826	-0.22826
6M0J_A_E	SE373D	0.0	-3.21	-11.12	-15.02	-3.16	20.88	-18.62	0.43	0.15	1.82	7.69	2.39	-2.28	-0.03	0.0	-0.1	0.07	0.14448	-0.14448
6M0J_A_E	SE373E	0.0	-3.21	-11.12	-15.02	-3.16	20.88	-18.62	0.43	0.15	1.82	7.69	2.39	-2.28	-0.03	0.0	-0.1	0.07	0.12116	-0.12116
6M0J_A_E	SE373F	0.0	-3.21	-11.12	-15.02	-3.16	20.88	-18.62	0.43	0.15	1.82	7.69	2.39	-2.28	-0.03	0.0	-0.1	0.07	0.06339	-0.06339
6M0J_A_E	SE373G	0.0	-3.21	-11.12	-15.02	-3.16	20.88	-18.62	0.43	0.15	1.82	7.69	2.39	-2.28	-0.03	0.0	-0.1	0.07	0.057	-0.057
6M0J_A_E	SE373H	0.0	-3.21	-11.12	-15.02	-3.16	20.88	-18.62	0.43	0.15	1.82	7.69	2.39	-2.28	-0.03	0.0	-0.1	0.07	-0.07277	0.07277
6M0J_A_E	SE373I	0.0	-3.21	-11.12	-15.02	-3.16	20.88	-18.62	0.43	0.15	1.82	7.69	2.39	-2.28	-0.03	0.0	-0.1	0.07	0.14138	-0.14138
6M0J_A_E	SE373K	0.0	-3.21	-11.12	-15.02	-3.16	20.88	-18.62	0.43	0.15	1.82	7.69	2.39	-2.28	-0.03	0.0	-0.1	0.07	-0.09847	0.09847
6M0J_A_E	SE373L	0.0	-3.21	-11.12	-15.02	-3.16	20.88	-18.62	0.43	0.15	1.82	7.69	2.39	-2.28	-0.03	0.0	-0.1	0.07	0.05331	-0.05331
6M0J_A_E	SE373M	0.0	-3.21	-11.12	-15.02	-3.16	20.88	-18.62	0.43	0.15	1.82	7.69	2.39	-2.28	-0.03	0.0	-0.1	0.07	-0.00342	0.00342
6M0J_A_E	SE373N	0.0	-3.21	-11.12	-15.02	-3.16	20.88	-18.62	0.43	0.15	1.82	7.69	2.39	-2.28	-0.03	0.0	-0.1	0.07	0.45188	-0.45188
6M0J_A_E	SE373P	0.0	-3.21	-11.12	-15.02	-3.16	20.88	-18.62	0.43	0.15	1.82	7.69	2.39	-2.28	-0.03	0.0	-0.1	0.07	0.02339	-0.02339
6M0J_A_E	SE373Q	0.0	-3.21	-11.12	-15.02	-3.16	20.88	-18.62	0.43	0.15	1.82	7.69	2.39	-2.28	-0.03	0.0	-0.1	0.07	-0.06467	0.06467
6M0J_A_E	SE373R	0.0	-3.21	-11.12	-15.02	-3.16	20.88	-18.62	0.43	0.15	1.82	7.69	2.39	-2.28	-0.03	0.0	-0.1	0.07	-0.07078	0.07078
6M0J_A_E	SE373T	0.0	-3.21	-11.12	-15.02	-3.16	20.88	-18.62	0.43	0.15	1.82	7.69	2.39	-2.28	-0.03	0.0	-0.1	0.07	-0.0023	0.0023
6M0J_A_E	SE373V	0.0	-3.21	-11.12	-15.02	-3.16	20.88	-18.62	0.43	0.15	1.82	7.69	2.39	-2.28	-0.03	0.0	-0.1	0.07	0.08286	-0.08286
6M0J_A_E	SE373W	0.0	-3.21	-11.12	-15.02	-3.16	20.88	-18.62	0.43	0.15	1.82	7.69	2.39	-2.28	-0.03	0.0	-0.1	0.07	0.1164	-0.1164
6M0J_A_E	SE373Y	0.0	-3.21	-11.12	-15.02	-3.16	20.88	-18.62	0.43	0.15	1.82	7.69	2.39	-2.28	-0.03	0.0	-0.1	0.07	-0.00676	0.00676
6M0J_A_E	SE375A	0.0	-3.21	-11.12	-15.02	-3.16	20.88	-18.62	0.43	0.15	1.82	7.69	2.39	-2.28	-0.03	0.0	-0.1	0.07	0.19425	-0.19425
6M0J_A_E	SE375C	0.0	-3.21	-11.12	-15.02	-3.16	20.88	-18.62	0.43	0.15	1.82	7.69	2.39	-2.28	-0.03	0.0	-0.1	0.07	0.4821	-0.4821
6M0J_A_E	SE375D	0.0	-3.21	-11.12	-15.02	-3.16	20.88	-18.62	0.43	0.15	1.82	7.69	2.39	-2.28	-0.03	0.0	-0.1	0.07	0.06138	-0.06138
6M0J_A_E	SE375E	0.0276	-3.21	-11.12	-15.02	-3.14	20.88	-18.62	0.43	0.15	1.82	7.7	2.39	-2.28	-0.05	0.0	-0.09	0.07	0.17207	-0.19967
6M0J_A_E	SE375F	0.0	-3.21	-11.12	-15.02	-3.16	20.88	-18.62	0.43	0.15	1.82	7.69	2.39	-2.28	-0.03	0.0	-0.1	0.07	0.50468	-0.50468
6M0J_A_E	SE375G	0.0	-3.21	-11.12	-15.02	-3.16	20.88	-18.62	0.43	0.15	1.82	7.69	2.39	-2.28	-0.03	0.0	-0.1	0.07	0.26598	-0.26598
6M0J_A_E	SE375H	0.0	-3.21	-11.12	-15.02	-3.16	20.88	-18.62	0.43	0.15	1.82	7.69	2.39	-2.28	-0.03	0.0	-0.1	0.07	0.2325	-0.2325
6M0J_A_E	SE375I	0.0	-3.21	-11.12	-15.02	-3.16	20.88	-18.62	0.43	0.15	1.82	7.69	2.39	-2.28	-0.03	0.0	-0.1	0.07	0.82268	-0.82268
6M0J_A_E	SE375K	-0.0159	-3.21	-11.12	-15.02	-3.17	20.88	-18.62	0.43	0.15	1.82	7.68	2.39	-2.28	-0.01	0.0	-0.11	0.07	0.34379	-0.3278899999999999
6M0J_A_E	SE375L	0.0	-3.21	-11.12	-15.02	-3.16	20.88	-18.62	0.43	0.15	1.82	7.69	2.39	-2.28	-0.03	0.0	-0.1	0.07	0.62403	-0.62403
6M0J_A_E	SE375M	0.0001	-3.21	-11.12	-15.02	-3.16	20.88	-18.62	0.43	0.15	1.82	7.69	2.39	-2.28	-0.03	0.0	-0.1	0.07	0.38518	-0.38528
6M0J_A_E	SE375N	0.0	-3.21	-11.12	-15.02	-3.16	20.88	-18.62	0.43	0.15	1.82	7.69	2.39	-2.28	-0.03	0.0	-0.1	0.07	0.18024	-0.18024
6M0J_A_E	SE375P	0.0	-3.21	-11.12	-15.02	-3.16	20.88	-18.62	0.43	0.15	1.82	7.69	2.39	-2.28	-0.03	0.0	-0.1	0.07	0.43406	-0.43406
6M0J_A_E	SE375Q	0.0	-3.21	-11.12	-15.02	-3.16	20.88	-18.62	0.43	0.15	1.82	7.69	2.39	-2.28	-0.03	0.0	-0.1	0.07	0.12085	-0.12085
6M0J_A_E	SE375R	-0.0267	-3.21	-11.12	-15.02	-3.2	20.88	-18.62	0.43	0.15	1.82	7.7	2.39	-2.28	0.01	0.0	-0.13	0.07	0.36133	-0.33463
6M0J_A_E	SE375T	0.0	-3.21	-11.12	-15.02	-3.16	20.88	-18.62	0.43	0.15	1.82	7.69	2.39	-2.28	-0.03	0.0	-0.1	0.07	0.15307	-0.15307
6M0J_A_E	SE375V	0.0	-3.21	-11.12	-15.02	-3.16	20.88	-18.62	0.43	0.15	1.82	7.69	2.39	-2.28	-0.03	0.0	-0.1	0.07	0.50533	-0.50533
6M0J_A_E	SE375W	0.0	-3.21	-11.12	-15.02	-3.16	20.88	-18.62	0.43	0.15	1.82	7.69	2.39	-2.28	-0.03	0.0	-0.1	0.07	0.5281	-0.5281
6M0J_A_E	SE375Y	0.0	-3.21	-11.12	-15.02	-3.16	20.88	-18.62	0.43	0.15	1.82	7.69	2.39	-2.28	-0.03	0.0	-0.1	0.07	0.38811	-0.38811
6M0J_A_E	KE417A	0.3509	-3.06	-11.55	-14.36	-1.6	18.02	-18.05	0.49	0.15	1.9	8.27	2.38	-2.23	-0.03	0.0	-0.0	0.0	0.61637	-0.96727
6M0J_A_E	KE417C	0.7754	-3.14	-10.3	-14.35	-1.69	18.44	-18.04	0.41	0.15	1.85	7.47	2.49	-2.53	-0.03	0.0	-0.02	-0.0	0.53595	-1.31135
6M0J_A_E	KE417D	0.9808	-3.14	-10.3	-14.43	-1.82	18.78	-18.11	0.43	0.15	1.85	7.48	2.38	-2.29	-0.03	0.0	-0.04	0.01	1.3923	-2.3731
6M0J_A_E	KE417E	0.9372	-3.14	-10.49	-14.5	-1.99	18.94	-18.18	0.51	0.15	1.85	7.62	2.38	-2.28	-0.03	0.0	-0.05	0.06	1.10436	-2.04156
6M0J_A_E	KE417F	-0.0516	-3.06	-11.53	-15.24	-2.42	20.19	-19.0	0.42	0.16	1.88	8.4	2.39	-2.28	-0.03	0.0	-0.01	0.03	0.11017	-0.05857
6M0J_A_E	KE417G	0.7699	-3.14	-10.3	-14.35	-1.69	18.39	-18.07	0.39	0.15	1.85	7.52	2.5	-2.5	-0.03	0.0	-0.02	-0.0	0.9359	-1.7058
6M0J_A_E	KE417H	0.685	-3.12	-10.56	-14.95	-2.6	19.85	-18.55	0.43	0.18	1.83	8.04	2.38	-2.12	-0.03	0.0	-0.25	0.06	0.42746	-1.11246
6M0J_A_E	KE417I	1.0192	-3.14	-10.3	-14.49	-1.71	18.72	-18.26	0.59	0.15	1.85	7.5	2.49	-2.49	-0.03	0.0	-0.02	0.08	0.34963	-1.36883
6M0J_A_E	KE417L	0.8483	-3.14	-10.3	-14.52	-1.72	18.71	-18.29	0.57	0.15	1.85	7.44	2.49	-2.52	-0.03	0.0	-0.02	0.09	0.51001	-1.35831
6M0J_A_E	KE417M	0.9904	-3.14	-10.3	-14.37	-1.7	18.46	-18.08	0.43	0.15	1.85	7.42	2.38	-2.15	-0.03	0.0	-0.02	-0.0	0.61102	-1.60142
6M0J_A_E	KE417N	1.2523	-3.14	-10.3	-14.41	-1.7	18.57	-18.1	0.57	0.15	1.85	7.51	2.38	-2.16	-0.03	0.0	-0.02	-0.0	0.68626	-1.93856
6M0J_A_E	KE417P	0.292	-3.06	-11.55	-14.37	-1.6	18.06	-18.05	0.42	0.15	1.9	8.39	2.38	-2.37	-0.03	0.0	-0.0	0.0	0.5205	-0.8125
6M0J_A_E	KE417Q	1.2729	-3.15	-10.3	-14.75	-2.11	19.91	-18.44	0.43	0.15	1.84	7.46	2.39	-2.25	-0.03	0.0	-0.02	0.06	0.98915	-2.26205
6M0J_A_E	KE417R	0.3635	-3.22	-10.3	-14.93	-3.16	20.62	-18.43	0.43	0.16	1.82	7.28	2.38	-2.27	0.0	0.0	-0.16	0.01	0.37582	-0.73932
6M0J_A_E	KE417S	0.9914	-3.14	-10.3	-14.35	-1.7	18.39	-18.06	0.43	0.15	1.85	7.49	2.38	-2.17	-0.03	0.0	-0.02	-0.0	0.73126	-1.72266
6M0J_A_E	KE417T	1.085	-3.14	-10.3	-14.39	-1.69	18.57	-18.06	0.67	0.15	1.85	7.51	2.49	-2.6	-0.03	0.0	-0.02	-0.0	0.46268	-1.54768
6M0J_A_E	KE417V	0.3386	-3.06	-11.55	-14.4	-1.59	18.02	-18.12	0.58	0.15	1.9	8.23	2.38	-2.19	-0.03	0.0	-0.0	0.0	0.58586	-0.92446
6M0J_A_E	KE417W	0.2208	-3.04	-11.56	-14.79	-1.6	18.7	-18.58	0.42	0.16	1.84	8.48	2.38	-2.27	-0.03	0.0	-0.0	0.02	0.62597	-0.84677
6M0J_A_E	KE417Y	-0.8265	-3.15	-12.27	-14.99	-2.26	19.82	-18.7	0.48	0.15	1.84	7.85	2.38	-2.14	-0.03	0.0	-0.02	0.13	0.25591	0.5705899999999999
6M0J_A_E	NE440A	-0.0044	-3.21	-11.12	-15.02	-3.16	20.88	-18.62	0.43	0.15	1.82	7.69	2.39	-2.28	-0.03	0.0	-0.1	0.07	0.02953	-0.02513
6M0J_A_E	NE440C	0.0	-3.21	-11.12	-15.02	-3.16	20.88	-18.62	0.43	0.15	1.82	7.69	2.39	-2.28	-0.03	0.0	-0.1	0.07	0.38435	-0.38435
6M0J_A_E	NE440D	0.0513	-3.21	-11.12	-15.02	-3.12	20.88	-18.62	0.43	0.15	1.82	7.67	2.39	-2.28	-0.03	0.0	-0.06	0.07	0.12627	-0.17757
6M0J_A_E	NE440E	0.1142	-3.21	-11.12	-15.02	-3.09	20.88	-18.62	0.43	0.15	1.82	7.7	2.39	-2.28	-0.05	0.0	-0.04	0.07	0.16631	-0.28051
6M0J_A_E	NE440F	0.0	-3.21	-11.12	-15.02	-3.16	20.88	-18.62	0.43	0.15	1.82	7.69	2.39	-2.28	-0.03	0.0	-0.1	0.07	0.07054	-0.07054
6M0J_A_E	NE440G	0.0	-3.21	-11.12	-15.02	-3.16	20.88	-18.62	0.43	0.15	1.82	7.69	2.39	-2.28	-0.03	0.0	-0.1	0.07	0.00447	-0.00447
6M0J_A_E	NE440H	-0.1571	-3.21	-11.12	-15.02	-3.25	20.88	-18.62	0.43	0.15	1.82	7.7	2.39	-2.28	-0.03	0.0	-0.18	0.07	-0.14776	0.30486
6M0J_A_E	NE440I	0.0	-3.21	-11.12	-15.02	-3.16	20.88	-18.62	0.43	0.15	1.82	7.69	2.39	-2.28	-0.03	0.0	-0.1	0.07	0.21041	-0.21041
6M0J_A_E	NE440K	-0.11	-3.21	-11.12	-15.02	-3.26	20.88	-18.62	0.43	0.15	1.82	7.78	2.39	-2.28	-0.02	0.0	-0.2	0.07	-0.26963	0.3796299999999999
6M0J_A_E	NE440L	0.0	-3.21	-11.12	-15.02	-3.16	20.88	-18.62	0.43	0.15	1.82	7.69	2.39	-2.28	-0.03	0.0	-0.1	0.07	0.0649	-0.0649
6M0J_A_E	NE440M	0.0	-3.21	-11.12	-15.02	-3.16	20.88	-18.62	0.43	0.15	1.82	7.69	2.39	-2.28	-0.03	0.0	-0.1	0.07	0.18974	-0.18974
6M0J_A_E	NE440P	0.0008	-3.21	-11.12	-15.0	-3.16	20.84	-18.59	0.43	0.15	1.9	7.69	2.39	-2.29	-0.03	0.0	-0.1	0.07	0.16873	-0.16953
6M0J_A_E	NE440Q	-0.0031	-3.21	-11.12	-15.02	-3.16	20.88	-18.62	0.43	0.15	1.82	7.69	2.39	-2.28	-0.03	0.0	-0.1	0.07	0.06535	-0.06225
6M0J_A_E	NE440R	-0.3879	-3.21	-11.12	-15.05	-3.36	21.0	-18.62	0.43	0.15	1.82	7.67	2.39	-2.37	-0.03	0.0	-0.27	0.07	-0.10191	0.48981
6M0J_A_E	NE440S	0.0	-3.21	-11.12	-15.02	-3.16	20.88	-18.62	0.43	0.15	1.82	7.69	2.39	-2.28	-0.03	0.0	-0.1	0.07	-0.00445	0.00445
6M0J_A_E	NE440T	-0.0048	-3.21	-11.12	-15.02	-3.16	20.88	-18.62	0.43	0.15	1.82	7.69	2.39	-2.28	-0.03	0.0	-0.1	0.07	0.15758	-0.15278
6M0J_A_E	NE440V	-0.0056	-3.21	-11.12	-15.02	-3.16	20.88	-18.62	0.43	0.15	1.82	7.69	2.39	-2.28	-0.03	0.0	-0.1	0.07	0.03531	-0.02971
6M0J_A_E	NE440W	0.0	-3.21	-11.12	-15.02	-3.16	20.88	-18.62	0.43	0.15	1.82	7.69	2.39	-2.28	-0.03	0.0	-0.1	0.07	0.27753	-0.27753
6M0J_A_E	NE440Y	0.0	-3.21	-11.12	-15.02	-3.16	20.88	-18.62	0.43	0.15	1.82	7.69	2.39	-2.28	-0.03	0.0	-0.1	0.07	0.05494	-0.05494
6M0J_A_E	GE446A	-0.0189	-3.23	-11.12	-15.04	-3.16	20.93	-18.62	0.43	0.15	1.84	7.68	2.39	-2.29	-0.03	0.0	-0.1	0.07	0.51824	-0.49934
6M0J_A_E	GE446C	0.005	-3.24	-11.12	-15.05	-3.16	20.96	-18.62	0.43	0.15	1.85	7.72	2.39	-2.32	-0.03	0.0	-0.1	0.07	1.37587	-1.3808699999999998
6M0J_A_E	GE446D	-0.1035	-3.25	-11.12	-15.06	-3.15	20.96	-18.65	0.43	0.15	1.85	7.75	2.39	-2.45	-0.03	0.0	-0.08	0.07	0.47957	-0.37607
6M0J_A_E	GE446E	-0.0248	-3.25	-11.12	-15.07	-3.15	20.98	-18.65	0.43	0.15	1.85	7.72	2.39	-2.34	-0.03	0.0	-0.07	0.07	0.32714	-0.30234
6M0J_A_E	GE446F	-0.1404	-3.25	-11.12	-15.09	-3.16	20.98	-18.7	0.43	0.15	1.83	7.75	2.39	-2.39	-0.03	0.0	-0.1	0.07	0.80998	-0.6695800000000001
6M0J_A_E	GE446H	-0.1147	-3.25	-11.12	-15.08	-3.16	20.97	-18.69	0.43	0.15	1.86	7.75	2.39	-2.37	-0.03	0.0	-0.1	0.07	0.10046	0.01424
6M0J_A_E	GE446I	-0.195	-3.23	-11.12	-15.14	-3.16	21.01	-18.77	0.43	0.15	1.83	7.74	2.39	-2.37	-0.03	0.0	-0.1	0.07	0.53013	-0.33513
6M0J_A_E	GE446K	-0.5809	-3.25	-11.9	-15.15	-3.17	21.02	-18.78	0.43	0.15	1.86	8.28	2.39	-2.46	-0.03	0.0	-0.12	0.07	0.18824	0.39266
6M0J_A_E	GE446L	-0.1048	-3.24	-11.12	-15.14	-3.16	21.07	-18.74	0.43	0.15	1.84	7.73	2.39	-2.33	-0.03	0.0	-0.1	0.07	0.4611	-0.3563
6M0J_A_E	GE446M	-0.4597	-3.24	-11.15	-15.26	-3.16	21.06	-18.99	0.43	0.15	1.84	7.82	2.39	-2.37	-0.03	0.0	-0.1	0.07	0.58955	-0.12985
6M0J_A_E	GE446N	-0.0483	-3.25	-11.12	-15.08	-3.16	20.99	-18.66	0.43	0.15	1.85	7.74	2.39	-2.34	-0.03	0.0	-0.1	0.07	0.10618	-0.0578799999999999
6M0J_A_E	GE446P	0.5658	-3.25	-11.04	-14.89	-3.16	20.69	-18.51	0.43	0.14	1.68	7.87	2.39	-1.97	-0.03	0.0	-0.1	0.07	0.02202	-0.58782
6M0J_A_E	GE446Q	-0.0807	-3.25	-11.12	-15.08	-3.16	20.98	-18.66	0.43	0.15	1.85	7.71	2.39	-2.35	-0.03	0.0	-0.1	0.07	0.30923	-0.22853
6M0J_A_E	GE446R	-1.1896	-3.25	-13.2	-15.17	-3.2	21.1	-18.77	0.43	0.15	1.86	8.89	2.39	-2.38	-0.02	0.0	-0.15	0.07	0.44646	0.7431399999999999
6M0J_A_E	GE446S	0.0098	-3.23	-11.12	-15.04	-3.16	20.93	-18.6	0.43	0.15	1.83	7.7	2.39	-2.3	-0.03	0.0	-0.1	0.07	0.33354	-0.34334
6M0J_A_E	GE446T	-0.0024	-3.25	-11.12	-15.06	-3.16	20.99	-18.61	0.43	0.15	1.85	7.69	2.39	-2.32	-0.03	0.0	-0.1	0.07	0.33357	-0.3311699999999999
6M0J_A_E	GE446V	-0.0441	-3.24	-11.12	-15.06	-3.16	20.98	-18.63	0.43	0.15	1.84	7.69	2.39	-2.34	-0.03	0.0	-0.1	0.07	0.38806	-0.34396
6M0J_A_E	GE446W	-0.405	-3.25	-11.12	-15.27	-3.16	21.08	-19.0	0.43	0.15	1.87	7.85	2.39	-2.38	-0.03	0.0	-0.1	0.07	0.82186	-0.41686
6M0J_A_E	GE446Y	-0.4549	-3.25	-11.91	-15.17	-3.16	21.08	-18.78	0.43	0.15	1.86	8.24	2.39	-2.33	-0.03	0.0	-0.1	0.07	0.37067	0.08423
6M0J_A_E	SE477A	0.0168	-3.21	-11.12	-15.03	-3.16	20.89	-18.62	0.43	0.15	1.82	7.68	2.4	-2.27	-0.03	0.0	-0.1	0.07	0.07506	-0.09186
6M0J_A_E	SE477C	0.0162	-3.21	-11.12	-15.03	-3.16	20.9	-18.62	0.43	0.15	1.82	7.69	2.4	-2.28	-0.03	0.0	-0.1	0.07	0.3437	-0.3599
6M0J_A_E	SE477D	-0.1036	-3.21	-11.12	-15.04	-3.19	20.91	-18.63	0.43	0.15	1.82	7.7	2.42	-2.3	-0.1	0.0	-0.13	0.07	-0.08404	0.18764
6M0J_A_E	SE477E	0.0878	-3.21	-11.12	-15.1	-3.14	21.11	-18.65	0.43	0.15	1.83	7.75	2.48	-2.41	-0.12	0.0	-0.09	0.07	0.13249	-0.2202899999999999
6M0J_A_E	SE477F	0.0371	-3.21	-11.12	-15.05	-3.16	20.93	-18.64	0.43	0.15	1.82	7.69	2.4	-2.26	-0.03	0.0	-0.1	0.07	0.0948	-0.1319
6M0J_A_E	SE477G	0.0104	-3.21	-11.12	-15.02	-3.16	20.88	-18.62	0.43	0.15	1.83	7.68	2.4	-2.28	-0.03	0.0	-0.1	0.07	-0.02772	0.01732
6M0J_A_E	SE477H	0.0514	-3.21	-11.12	-15.07	-3.16	20.95	-18.66	0.43	0.15	1.82	7.7	2.42	-2.26	-0.03	0.0	-0.1	0.07	0.05255	-0.10395
6M0J_A_E	SE477I	0.068	-3.21	-11.12	-15.08	-3.16	20.99	-18.65	0.43	0.15	1.82	7.68	2.5	-2.34	-0.03	0.0	-0.1	0.07	0.12936	-0.19736
6M0J_A_E	SE477K	0.0284	-3.21	-11.12	-15.04	-3.17	20.92	-18.64	0.43	0.15	1.82	7.69	2.41	-2.28	-0.01	0.0	-0.1	0.07	0.27656	-0.3049599999999999
6M0J_A_E	SE477L	-0.0133	-3.21	-11.12	-15.04	-3.16	20.91	-18.64	0.43	0.15	1.82	7.68	2.43	-2.31	-0.03	0.0	-0.1	0.07	0.24581	-0.23251
6M0J_A_E	SE477M	0.0151	-3.21	-11.12	-15.04	-3.16	20.92	-18.64	0.43	0.15	1.82	7.69	2.41	-2.29	-0.03	0.0	-0.1	0.07	0.06304	-0.07814
6M0J_A_E	SE477N	0.0218	-3.21	-11.12	-15.03	-3.16	20.9	-18.62	0.43	0.15	1.82	7.68	2.4	-2.27	-0.03	0.0	-0.1	0.07	-0.6677	0.6458999999999999
6M0J_A_E	SE477P	-0.0019	-3.21	-11.12	-15.15	-3.16	20.97	-18.79	0.43	0.15	1.86	7.72	2.59	-2.31	-0.03	0.0	-0.1	0.07	-0.55279	0.55469
6M0J_A_E	SE477Q	0.0234	-3.21	-11.12	-15.03	-3.16	20.9	-18.62	0.43	0.15	1.82	7.68	2.4	-2.27	-0.03	0.0	-0.1	0.07	0.039	-0.0624
6M0J_A_E	SE477R	0.0297	-3.21	-11.12	-15.04	-3.21	20.92	-18.62	0.43	0.15	1.82	7.72	2.41	-2.3	0.05	0.0	-0.15	0.07	0.03746	-0.06716
6M0J_A_E	SE477T	0.0774	-3.21	-11.12	-15.07	-3.16	20.98	-18.65	0.43	0.15	1.82	7.7	2.49	-2.33	-0.03	0.0	-0.1	0.07	-0.08674	0.00934
6M0J_A_E	SE477V	0.0224	-3.21	-11.12	-15.03	-3.16	20.9	-18.62	0.43	0.15	1.82	7.68	2.41	-2.28	-0.03	0.0	-0.1	0.07	0.07405	-0.09645
6M0J_A_E	SE477W	0.1115	-3.21	-11.12	-15.1	-3.16	21.04	-18.67	0.43	0.15	1.82	7.72	2.46	-2.3	-0.03	0.0	-0.1	0.07	-0.39705	0.28555
6M0J_A_E	SE477Y	0.0502	-3.21	-11.12	-15.08	-3.16	20.96	-18.67	0.43	0.15	1.82	7.71	2.43	-2.26	-0.03	0.0	-0.1	0.07	0.11317	-0.16337
6M0J_A_E	TE478A	0.0392	-3.21	-11.12	-15.02	-3.16	20.88	-18.62	0.43	0.15	1.79	7.73	2.39	-2.27	-0.03	0.0	-0.1	0.07	0.08797	-0.12717
6M0J_A_E	TE478C	-0.052	-3.21	-11.12	-15.04	-3.16	20.88	-18.66	0.43	0.15	1.82	7.68	2.39	-2.27	-0.03	0.0	-0.1	0.07	0.24644	-0.19444
6M0J_A_E	TE478D	0.0149	-3.21	-11.12	-15.02	-3.18	20.88	-18.62	0.43	0.15	1.79	7.73	2.39	-2.27	-0.03	0.0	-0.11	0.07	0.07005	-0.08495
6M0J_A_E	TE478E	-0.0976	-3.21	-11.12	-15.02	-3.15	20.88	-18.62	0.43	0.15	1.79	7.72	2.43	-2.4	-0.08	0.0	-0.1	0.07	0.15208	-0.0544799999999999
6M0J_A_E	TE478F	0.0392	-3.21	-11.12	-15.02	-3.16	20.88	-18.62	0.43	0.15	1.79	7.73	2.39	-2.27	-0.03	0.0	-0.1	0.07	0.29617	-0.33537
6M0J_A_E	TE478G	0.0392	-3.21	-11.12	-15.02	-3.16	20.88	-18.62	0.43	0.15	1.79	7.73	2.39	-2.27	-0.03	0.0	-0.1	0.07	0.1112	-0.1503999999999999
6M0J_A_E	TE478H	0.0392	-3.21	-11.12	-15.02	-3.16	20.88	-18.62	0.43	0.15	1.79	7.73	2.39	-2.27	-0.03	0.0	-0.1	0.07	0.2086	-0.2478
6M0J_A_E	TE478I	-0.1098	-3.21	-11.12	-15.05	-3.16	20.91	-18.67	0.43	0.15	1.81	7.64	2.41	-2.3	-0.03	0.0	-0.1	0.07	0.18483	-0.07503
6M0J_A_E	TE478K	-0.0783	-3.21	-11.12	-15.05	-3.15	20.89	-18.67	0.43	0.15	1.79	7.66	2.39	-2.27	-0.03	0.0	-0.1	0.07	-0.05094	0.12924
6M0J_A_E	TE478L	-0.1344	-3.21	-11.12	-15.06	-3.16	20.91	-18.67	0.43	0.15	1.79	7.61	2.41	-2.3	-0.03	0.0	-0.1	0.07	-0.02441	0.15881
6M0J_A_E	TE478M	-0.2168	-3.21	-11.14	-15.06	-3.16	20.92	-18.67	0.42	0.15	1.84	7.54	2.41	-2.3	-0.03	0.0	-0.1	0.07	0.16585	0.0509499999999999
6M0J_A_E	TE478N	0.0392	-3.21	-11.12	-15.02	-3.16	20.88	-18.62	0.43	0.15	1.79	7.73	2.39	-2.27	-0.03	0.0	-0.1	0.07	0.05895	-0.09815
6M0J_A_E	TE478P	-0.0267	-3.21	-11.12	-15.02	-3.16	20.88	-18.62	0.43	0.15	1.84	7.67	2.4	-2.29	-0.03	0.0	-0.1	0.07	0.37111	-0.34441
6M0J_A_E	TE478Q	-0.0703	-3.21	-11.12	-15.07	-3.16	20.95	-18.67	0.43	0.15	1.82	7.69	2.4	-2.33	-0.03	0.0	-0.1	0.07	-0.00855	0.07885
6M0J_A_E	TE478R	0.0392	-3.21	-11.12	-15.02	-3.16	20.88	-18.62	0.43	0.15	1.79	7.73	2.39	-2.27	-0.03	0.0	-0.1	0.07	0.01227	-0.05147
6M0J_A_E	TE478S	0.0392	-3.21	-11.12	-15.02	-3.16	20.88	-18.62	0.43	0.15	1.79	7.73	2.39	-2.27	-0.03	0.0	-0.1	0.07	0.09215	-0.13135
6M0J_A_E	TE478V	-0.023	-3.21	-11.12	-15.02	-3.16	20.88	-18.62	0.43	0.15	1.82	7.67	2.41	-2.29	-0.03	0.0	-0.1	0.07	0.09751	-0.0745099999999999
6M0J_A_E	TE478W	-0.2379	-3.21	-11.14	-15.08	-3.16	20.94	-18.7	0.43	0.15	1.79	7.55	2.41	-2.31	-0.03	0.0	-0.1	0.07	0.32068	-0.08278
6M0J_A_E	TE478Y	0.0392	-3.21	-11.12	-15.02	-3.16	20.88	-18.62	0.43	0.15	1.79	7.73	2.39	-2.27	-0.03	0.0	-0.1	0.07	0.16649	-0.2056899999999999
6M0J_A_E	EE484A	-0.1077	-3.21	-11.12	-15.02	-3.21	20.88	-18.62	0.43	0.15	1.82	7.69	2.39	-2.27	-0.03	0.0	-0.15	0.07	0.27638	-0.16868
6M0J_A_E	EE484C	-0.1077	-3.21	-11.12	-15.02	-3.21	20.88	-18.62	0.43	0.15	1.82	7.69	2.39	-2.28	-0.03	0.0	-0.15	0.07	0.52498	-0.41728
6M0J_A_E	EE484D	-0.0607	-3.21	-11.12	-15.02	-3.18	20.88	-18.62	0.43	0.15	1.82	7.67	2.39	-2.27	-0.03	0.0	-0.13	0.07	0.3568	-0.2961
6M0J_A_E	EE484F	-0.1077	-3.21	-11.12	-15.02	-3.21	20.88	-18.62	0.43	0.15	1.82	7.69	2.39	-2.27	-0.03	0.0	-0.15	0.07	1.99476	-1.88706
6M0J_A_E	EE484G	-0.1077	-3.21	-11.12	-15.02	-3.21	20.88	-18.62	0.43	0.15	1.82	7.69	2.39	-2.27	-0.03	0.0	-0.15	0.07	0.21659	-0.10889
6M0J_A_E	EE484H	-0.1077	-3.21	-11.12	-15.02	-3.21	20.88	-18.62	0.43	0.15	1.82	7.69	2.39	-2.27	-0.03	0.0	-0.15	0.07	1.08381	-0.97611
6M0J_A_E	EE484I	-0.0865	-3.21	-11.12	-15.03	-3.21	20.91	-18.62	0.43	0.15	1.82	7.69	2.39	-2.27	-0.03	0.0	-0.15	0.07	0.9568	-0.8703
6M0J_A_E	EE484K	-0.2077	-3.21	-11.12	-15.02	-3.28	20.88	-18.62	0.43	0.15	1.82	7.72	2.39	-2.28	-0.03	0.0	-0.21	0.07	-0.24095	0.44865
6M0J_A_E	EE484L	-0.1077	-3.21	-11.12	-15.02	-3.21	20.88	-18.62	0.43	0.15	1.82	7.69	2.39	-2.28	-0.03	0.0	-0.15	0.07	1.16148	-1.0537800000000002
6M0J_A_E	EE484M	-0.1077	-3.21	-11.12	-15.02	-3.21	20.88	-18.62	0.43	0.15	1.82	7.69	2.39	-2.27	-0.03	0.0	-0.15	0.07	0.48351	-0.37581
6M0J_A_E	EE484N	-0.1077	-3.21	-11.12	-15.02	-3.21	20.88	-18.62	0.43	0.15	1.82	7.69	2.39	-2.27	-0.03	0.0	-0.15	0.07	0.36675	-0.25905
6M0J_A_E	EE484P	-0.1077	-3.21	-11.12	-15.02	-3.21	20.88	-18.62	0.43	0.15	1.82	7.69	2.39	-2.27	-0.03	0.0	-0.15	0.07	0.55396	-0.44626
6M0J_A_E	EE484Q	-0.1077	-3.21	-11.12	-15.02	-3.21	20.88	-18.62	0.43	0.15	1.82	7.67	2.39	-2.26	-0.03	0.0	-0.15	0.07	0.03599	0.07171
6M0J_A_E	EE484R	-0.1665	-3.21	-11.12	-15.02	-3.27	20.88	-18.62	0.43	0.15	1.82	7.75	2.39	-2.27	-0.03	0.0	-0.21	0.07	-0.05703	0.22353
6M0J_A_E	EE484S	-0.1077	-3.21	-11.12	-15.02	-3.21	20.88	-18.62	0.43	0.15	1.82	7.69	2.39	-2.27	-0.03	0.0	-0.15	0.07	0.02766	0.08004
6M0J_A_E	EE484T	-0.1077	-3.21	-11.12	-15.02	-3.21	20.88	-18.62	0.43	0.15	1.82	7.69	2.39	-2.27	-0.03	0.0	-0.15	0.07	0.03133	0.07637
6M0J_A_E	EE484V	-0.1077	-3.21	-11.12	-15.02	-3.21	20.88	-18.62	0.43	0.15	1.82	7.69	2.39	-2.27	-0.03	0.0	-0.15	0.07	1.09099	-0.98329
6M0J_A_E	EE484W	-0.1077	-3.21	-11.12	-15.02	-3.21	20.88	-18.62	0.43	0.15	1.82	7.69	2.39	-2.27	-0.03	0.0	-0.15	0.07	1.1527	-1.0450000000000002
6M0J_A_E	EE484Y	-0.1077	-3.21	-11.12	-15.02	-3.21	20.88	-18.62	0.43	0.15	1.82	7.69	2.39	-2.27	-0.03	0.0	-0.15	0.07	1.62823	-1.5205300000000002
6M0J_A_E	QE493A	-0.5705	-3.11	-12.38	-14.91	-3.0	20.24	-18.47	0.43	0.15	1.81	8.56	2.5	-2.32	-0.03	0.0	-0.19	0.03	-0.76801	1.33851
6M0J_A_E	QE493C	-0.2446	-3.2	-11.12	-15.05	-3.14	20.81	-18.65	0.43	0.15	1.85	7.77	2.28	-2.4	-0.03	0.0	-0.09	0.07	-0.46914	0.71374
6M0J_A_E	QE493D	0.2609	-3.16	-10.88	-15.2	-3.22	21.76	-18.7	0.4	0.15	1.87	7.27	2.47	-2.67	-0.03	0.0	0.05	0.08	2.48963	-2.75053
6M0J_A_E	QE493E	-0.0611	-3.18	-10.88	-15.22	-2.91	21.6	-18.81	0.43	0.15	1.89	7.44	2.29	-3.15	-0.03	0.0	0.2	0.07	0.9779	-0.9168
6M0J_A_E	QE493F	-1.3907	-3.26	-11.12	-15.7	-3.27	21.23	-19.72	0.43	0.15	2.09	7.8	2.45	-2.26	-0.03	0.0	-0.1	0.07	-1.48074	2.87144
6M0J_A_E	QE493G	-0.4221	-3.11	-12.31	-14.85	-2.99	20.24	-18.35	0.4	0.15	1.81	8.68	2.37	-2.39	-0.03	0.0	-0.19	0.03	-0.22925	0.65135
6M0J_A_E	QE493H	-0.8499	-3.19	-11.4	-15.73	-3.69	21.83	-19.43	1.19	0.2	2.14	8.3	2.58	-3.06	-0.03	0.0	-0.53	0.17	-0.1466	0.9965
6M0J_A_E	QE493I	-1.0225	-3.13	-12.36	-15.17	-3.0	20.41	-18.93	0.5	0.15	1.89	8.66	2.42	-2.31	-0.03	0.0	-0.19	0.03	-0.05262	1.07512
6M0J_A_E	QE493K	-0.4908	-3.23	-11.12	-15.08	-3.31	20.92	-18.74	0.43	0.15	1.82	7.59	2.37	-2.26	-0.03	0.0	-0.19	0.07	0.09628	0.39452
6M0J_A_E	QE493L	-1.7848	-3.14	-12.32	-15.69	-2.97	20.65	-19.86	0.87	0.16	2.17	8.96	2.61	-2.77	-0.03	0.0	-0.19	0.02	-0.46479	2.24959
6M0J_A_E	QE493M	-1.1177	-3.28	-11.12	-15.86	-3.18	21.43	-20.01	0.44	0.15	2.18	8.21	2.54	-2.3	-0.03	0.0	-0.1	0.07	-0.64591	1.76361
6M0J_A_E	QE493N	0.0032	-3.2	-11.12	-15.22	-3.17	21.25	-18.72	0.43	0.15	1.89	7.6	2.55	-2.43	-0.03	0.0	-0.1	0.08	0.44862	-0.45182
6M0J_A_E	QE493P	0.3863	-3.2	-11.12	-14.81	-3.13	20.73	-18.29	0.64	0.15	1.77	7.57	2.39	-2.43	-0.03	0.0	-0.09	0.08	0.32014	-0.70644
6M0J_A_E	QE493R	-0.6202	-3.26	-11.12	-15.63	-3.64	21.8	-19.12	0.43	0.16	2.02	8.09	2.44	-2.45	-0.03	0.0	-0.3	0.07	0.29555	0.32465
6M0J_A_E	QE493S	0.3087	-3.2	-11.12	-14.91	-3.15	20.91	-18.39	0.43	0.15	1.77	7.6	2.37	-2.29	-0.03	0.0	-0.09	0.09	0.19097	-0.4996699999999999
6M0J_A_E	QE493T	0.1035	-3.2	-11.12	-14.97	-3.17	20.91	-18.52	0.54	0.15	1.77	7.48	2.37	-2.26	-0.03	0.0	-0.1	0.09	-0.2985	0.195
6M0J_A_E	QE493V	-0.3366	-3.21	-11.12	-15.12	-3.15	20.86	-18.89	0.52	0.15	1.84	7.73	2.44	-2.43	-0.03	0.0	-0.09	0.07	-1.86324	2.19984
6M0J_A_E	QE493W	0.11	-3.26	-11.12	-15.71	-3.17	21.82	-19.51	1.27	0.15	2.02	7.76	2.45	-2.44	-0.03	0.0	-0.1	0.07	0.24219	-0.35219
6M0J_A_E	QE493Y	-2.877	-3.63	-12.78	-16.13	-3.17	21.36	-20.04	0.52	0.15	2.45	9.04	2.68	-2.62	-0.03	0.0	-0.18	0.02	-1.03962	3.91662
6M0J_A_E	GE496A	0.3005	-3.23	-11.06	-15.29	-3.29	21.33	-19.01	0.66	0.15	1.82	7.97	2.67	-2.48	-0.03	0.0	-0.1	0.07	0.89866	-1.19916
6M0J_A_E	GE496C	0.5308	-3.31	-11.59	-15.58	-3.26	21.63	-19.25	0.75	0.56	1.82	8.15	2.64	-2.08	-0.03	0.0	-0.1	0.07	2.23784	-2.76864
6M0J_A_E	GE496D	1.126	-3.28	-9.44	-15.45	-3.42	22.54	-19.01	0.73	0.21	1.88	6.96	2.47	-3.2	-0.03	0.0	0.04	0.07	3.07738	-4.203379999999999
6M0J_A_E	GE496E	2.5055	-3.25	-11.53	-15.81	-2.61	23.24	-19.42	2.01	0.2	1.99	8.56	2.51	-3.53	-0.03	0.0	0.16	0.07	3.1692	-5.6747
6M0J_A_E	GE496F	4.9751	-2.57	-8.6	-15.58	-3.67	21.76	-19.77	4.73	0.17	2.01	6.48	2.31	-2.16	-0.03	0.0	-0.1	0.07	3.34349	-8.31859
6M0J_A_E	GE496H	12.83338	-3.21	-10.88	-16.1	-5.46	23.87	-19.7	15.05	0.15	1.99	7.02	2.51	-2.35	-0.03	0.0	-0.32	0.34	2.90575	-15.73913
6M0J_A_E	GE496I	2.9061	-2.65	-8.78	-15.32	-3.23	21.6	-19.48	2.12	0.39	1.88	6.65	2.27	-2.55	-0.03	0.0	-0.1	0.07	2.3343	-5.240399999999999
6M0J_A_E	GE496K	1.0874	-3.23	-9.96	-15.61	-4.13	22.54	-19.4	2.34	0.16	1.87	7.59	2.22	-3.09	-0.03	0.0	-0.31	0.07	3.00493	-4.09233
6M0J_A_E	GE496L	1.7592	-3.35	-9.2	-15.63	-3.11	21.81	-19.63	2.09	0.24	1.95	7.04	2.41	-2.8	-0.03	0.0	-0.09	0.07	3.05068	-4.80988
6M0J_A_E	GE496M	1.3474	-3.47	-9.14	-16.18	-3.18	22.32	-20.36	1.83	0.16	2.11	7.53	2.42	-2.45	-0.03	0.0	-0.09	0.07	2.61572	-3.96312
6M0J_A_E	GE496N	-0.1508	-3.31	-12.28	-15.53	-3.02	22.18	-19.03	0.77	0.46	1.88	7.78	2.42	-2.48	-0.03	0.0	-0.09	0.07	0.69839	-0.54759
6M0J_A_E	GE496P	-0.4879	-3.24	-11.09	-15.53	-3.37	21.64	-19.42	0.78	0.15	1.87	7.86	2.28	-2.42	-0.03	0.0	-0.1	0.07	3.0824	-2.5945
6M0J_A_E	GE496Q	3.567	-2.74	-8.49	-15.51	-3.17	22.42	-19.23	0.83	0.79	2.12	6.84	2.39	-2.44	-0.03	0.0	-0.09	0.07	2.01155	-5.57855
6M0J_A_E	GE496R	1.7741	-3.23	-9.42	-16.01	-5.01	23.38	-19.45	3.07	0.24	2.01	7.69	2.22	-3.2	-0.03	0.0	-0.47	0.07	3.04758	-4.82168
6M0J_A_E	GE496S	-0.2008	-3.23	-12.38	-15.38	-3.21	21.74	-18.83	0.73	0.22	1.86	8.17	2.59	-2.49	-0.03	0.0	-0.1	0.07	0.92165	-0.72085
6M0J_A_E	GE496T	1.814	-3.3	-10.31	-15.51	-3.16	22.03	-19.21	2.21	0.2	1.82	7.06	2.59	-2.65	-0.03	0.0	-0.09	0.07	2.41767	-4.23167
6M0J_A_E	GE496V	3.1915	-2.67	-8.66	-15.3	-3.16	21.25	-19.62	2.32	0.68	1.89	6.52	2.3	-2.34	-0.03	0.0	-0.1	0.07	1.67928	-4.87078
6M0J_A_E	GE496W	5.197	-2.89	-7.02	-16.06	-3.15	21.85	-20.48	5.5	0.15	2.28	5.71	2.4	-2.71	-0.03	0.0	-0.09	0.07	3.09593	-8.29293
6M0J_A_E	GE496Y	4.0007	-3.35	-11.2	-16.42	-3.62	23.45	-20.23	4.84	0.21	2.19	8.46	2.42	-2.44	-0.03	0.0	-0.09	0.07	2.90394	-6.9046400000000006
6M0J_A_E	QE498A	1.7617	-2.54	-8.83	-13.87	-3.05	19.17	-17.61	0.43	0.14	1.65	5.86	2.3	-2.11	-0.03	0.0	-0.1	0.07	0.16009	-1.92179
6M0J_A_E	QE498C	1.0741	-2.56	-8.7	-14.19	-3.12	19.53	-17.9	0.43	0.14	1.65	5.54	2.37	-2.34	-0.03	0.0	-0.1	0.07	2.14363	-3.21773
6M0J_A_E	QE498D	1.5692	-2.58	-8.73	-14.19	-3.08	20.08	-17.88	0.38	0.14	1.63	5.28	2.3	-2.19	-0.01	0.0	0.03	0.07	2.78945	-4.35865
6M0J_A_E	QE498E	1.3074	-2.54	-8.74	-14.27	-3.14	19.91	-18.1	0.44	0.18	1.73	5.24	2.32	-2.0	0.02	0.0	-0.01	0.07	1.61978	-2.92718
6M0J_A_E	QE498F	0.049	-2.73	-8.79	-14.96	-3.47	20.54	-19.15	0.55	0.23	1.77	5.23	2.39	-1.67	-0.03	0.0	-0.1	0.07	0.0376	-0.0866
6M0J_A_E	QE498G	2.2309	-2.53	-8.81	-13.77	-3.05	19.22	-17.36	0.43	0.14	1.58	5.89	2.31	-2.12	-0.03	0.0	-0.1	0.07	1.00413	-3.23503
6M0J_A_E	QE498H	0.7751	-2.68	-9.89	-14.82	-3.48	21.24	-18.45	0.45	0.17	1.67	5.23	2.37	-1.3	-0.03	0.0	-0.1	0.13	-0.55026	-0.22484
6M0J_A_E	QE498I	0.8317	-2.61	-8.83	-14.49	-3.24	19.96	-18.66	0.47	0.14	1.74	5.48	2.32	-1.57	-0.03	0.0	-0.1	0.07	3.03613	-3.86783
6M0J_A_E	QE498K	-0.4016	-3.14	-10.24	-14.9	-3.31	21.04	-18.84	0.42	0.14	1.86	6.13	2.91	-2.39	-0.06	0.0	-0.16	0.07	3.55559	-3.15399
6M0J_A_E	QE498L	0.0446	-2.56	-8.77	-14.52	-3.12	19.5	-18.75	0.43	0.16	1.76	5.67	2.38	-2.26	-0.03	0.0	-0.1	0.07	3.20229	-3.24689
6M0J_A_E	QE498M	0.5149	-2.61	-8.69	-14.83	-3.39	20.34	-19.11	0.4	0.14	1.74	5.84	2.31	-1.75	-0.03	0.0	-0.1	0.07	1.02826	-1.54316
6M0J_A_E	QE498N	1.2452	-2.59	-8.79	-14.25	-3.16	19.98	-17.83	0.43	0.14	1.64	5.15	2.38	-2.1	-0.03	0.0	-0.1	0.07	0.93694	-2.18214
6M0J_A_E	QE498P	2.2075	-2.59	-8.89	-14.0	-3.13	19.44	-17.91	1.03	0.11	1.61	5.67	2.25	-1.64	-0.03	0.0	-0.1	0.07	3.4832	-5.6907
6M0J_A_E	QE498R	0.1499	-2.71	-8.69	-15.45	-3.69	22.39	-18.89	0.41	0.18	1.97	5.72	2.41	-3.11	-0.06	0.0	-0.36	0.07	0.26827	-0.41817
6M0J_A_E	QE498S	0.7724	-2.54	-8.76	-14.06	-3.1	19.72	-17.52	0.44	0.17	1.68	4.89	1.77	-2.12	-0.03	0.0	-0.1	0.07	0.35243	-1.12483
6M0J_A_E	QE498T	1.6658	-2.56	-8.69	-14.29	-3.15	20.17	-17.93	0.44	0.27	1.7	5.45	2.38	-2.3	-0.03	0.0	-0.1	0.07	1.17038	-2.83618
6M0J_A_E	QE498V	0.7955	-2.56	-8.71	-14.22	-3.12	19.46	-18.14	0.43	0.14	1.7	5.34	2.38	-2.07	-0.03	0.0	-0.1	0.07	2.79439	-3.58989
6M0J_A_E	QE498W	-1.1209	-2.65	-8.71	-15.2	-3.24	20.12	-19.59	0.48	0.39	1.82	5.33	2.34	-2.26	-0.03	0.0	-0.1	0.07	-0.47742	1.59832
6M0J_A_E	QE498Y	-0.7743	-2.66	-10.36	-14.93	-3.38	20.76	-18.94	0.63	0.23	1.79	5.72	2.33	-2.05	-0.03	0.0	-0.1	0.07	-0.34805	1.12235
6M0J_A_E	NE501A	0.1293	-3.14	-11.03	-14.48	-3.09	19.6	-18.37	0.4	0.12	1.7	7.82	2.58	-2.16	-0.03	0.0	-0.1	0.07	0.36265	-0.49195
6M0J_A_E	NE501C	-0.385	-3.18	-11.04	-14.77	-3.13	19.82	-18.67	0.41	0.12	1.75	8.04	2.29	-2.14	-0.03	0.0	-0.1	0.07	0.41401	-0.0290099999999999
6M0J_A_E	NE501D	0.6649	-3.16	-10.89	-14.98	-3.52	21.98	-18.65	0.38	0.12	1.79	7.39	2.32	-2.29	-0.06	0.0	0.03	0.07	3.49014	-4.15504
6M0J_A_E	NE501E	-1.1851	-3.25	-10.9	-14.91	-3.85	21.09	-18.74	0.52	0.12	1.78	7.49	2.36	-3.02	-0.07	0.0	-0.02	0.07	1.46217	-0.2770699999999999
6M0J_A_E	NE501F	4.654	-2.36	-10.19	-15.19	-3.0	19.95	-19.44	5.47	0.29	1.85	7.9	2.29	-2.95	-0.03	0.0	-0.08	0.07	-1.46449	-3.18951
6M0J_A_E	NE501G	0.4723	-3.09	-11.05	-14.33	-3.1	19.51	-18.11	0.39	0.11	1.7	7.9	2.57	-2.19	-0.03	0.0	-0.1	0.07	1.71392	-2.18622
6M0J_A_E	NE501H	0.8685	-2.72	-11.64	-15.26	-3.45	21.56	-18.94	1.42	0.13	1.83	7.23	2.38	-1.82	-0.03	0.0	-0.1	0.16	-0.01376	-0.85474
6M0J_A_E	NE501I	1.121	-3.17	-11.03	-14.98	-3.19	20.29	-19.17	2.34	0.21	2.0	7.69	2.41	-2.14	-0.03	0.0	-0.1	0.07	0.20464	-1.32564
6M0J_A_E	NE501K	0.6407	-3.15	-11.01	-14.95	-2.87	21.13	-18.86	0.71	0.12	1.76	7.33	2.25	-1.92	-0.03	0.0	-0.12	0.07	3.47379	-4.11449
6M0J_A_E	NE501L	-1.2585	-3.19	-11.07	-15.07	-3.21	20.26	-19.4	0.45	0.13	1.87	7.72	2.38	-2.14	-0.03	0.0	-0.1	0.07	2.27746	-1.01896
6M0J_A_E	NE501M	-0.4042	-3.21	-11.03	-14.71	-3.19	20.08	-18.59	0.41	0.12	1.83	7.72	2.29	-2.16	-0.03	0.0	-0.1	0.07	-0.59807	1.00227
6M0J_A_E	NE501P	-0.1781	-3.16	-11.09	-14.58	-3.12	19.49	-18.6	1.13	0.12	1.56	7.69	2.27	-2.2	-0.03	0.0	-0.1	0.07	2.88838	-2.71028
6M0J_A_E	NE501Q	0.0095	-3.23	-11.0	-14.94	-3.29	20.75	-18.73	0.42	0.12	1.77	7.51	2.36	-1.83	-0.03	0.0	-0.1	0.07	0.3228	-0.3323
6M0J_A_E	NE501R	2.5317	-3.24	-10.96	-15.02	-2.75	21.79	-18.46	1.33	0.14	1.76	7.6	2.38	-2.05	-0.01	0.0	-0.21	0.07	2.99021	-5.52191
6M0J_A_E	NE501S	0.3433	-3.14	-11.07	-14.57	-3.11	19.99	-18.24	0.4	0.14	1.72	7.79	2.65	-2.38	-0.03	0.0	-0.1	0.07	0.37523	-0.71853
6M0J_A_E	NE501T	-0.7024	-3.22	-11.04	-14.77	-3.13	19.96	-18.8	0.4	0.13	1.8	7.75	2.3	-2.16	-0.03	0.0	-0.1	0.07	-0.8128	1.5152
6M0J_A_E	NE501V	-0.5222	-3.18	-11.03	-14.65	-3.13	19.82	-18.66	0.44	0.12	1.87	7.71	2.31	-2.14	-0.03	0.0	-0.1	0.07	-0.41147	0.93367
6M0J_A_E	NE501W	14.33657	-3.24	-10.95	-15.32	-3.44	21.52	-19.24	15.64	0.12	1.81	7.61	2.4	-2.64	-0.03	0.0	-0.1	0.07	-0.44344	-13.89313
6M0J_A_E	NE501Y	7.915	-3.21	-10.69	-15.24	-2.92	21.03	-19.15	7.62	0.22	1.86	7.45	2.82	-1.88	-0.03	0.0	-0.1	0.07	-1.04213	-6.87287
6M0J_A_E	YE505A	2.983	-3.14	-9.44	-13.79	-2.49	19.22	-17.14	0.37	0.14	1.54	7.4	2.07	-2.12	-0.03	0.0	-0.06	0.07	3.38174	-6.36474
6M0J_A_E	YE505C	2.8775	-3.15	-9.44	-14.06	-2.5	19.34	-17.46	0.4	0.14	1.57	7.71	2.12	-2.12	-0.03	0.0	-0.06	0.07	3.33942	-6.21692
6M0J_A_E	YE505D	3.5787	-3.16	-9.44	-14.21	-2.71	20.88	-17.45	0.39	0.14	1.56	7.48	2.15	-2.5	-0.01	0.0	0.01	0.07	2.9172	-6.4959
6M0J_A_E	YE505E	3.7601	-3.17	-9.44	-14.33	-2.59	20.6	-17.75	0.44	0.18	1.57	8.08	2.19	-2.5	0.03	0.0	0.02	0.07	3.72805	-7.48815
6M0J_A_E	YE505F	1.1313	-3.2	-9.44	-15.0	-3.17	20.59	-18.84	0.44	0.15	1.77	7.58	2.35	-2.19	-0.03	0.0	-0.1	0.07	0.42927	-1.56057
6M0J_A_E	YE505G	3.572	-3.12	-9.41	-13.53	-2.48	19.05	-16.68	0.34	0.14	1.54	7.38	1.96	-2.0	-0.03	0.0	-0.05	0.07	3.5475	-7.1195
6M0J_A_E	YE505H	3.0783	-3.21	-9.44	-14.82	-2.75	20.99	-18.18	0.48	0.15	1.75	7.76	2.32	-2.17	-0.03	0.0	-0.1	0.15	1.20626	-4.28456
6M0J_A_E	YE505I	2.524	-3.2	-9.44	-14.4	-2.66	19.83	-18.23	0.58	0.31	1.68	7.71	2.29	-2.12	-0.03	0.0	-0.1	0.07	3.65046	-6.17446
6M0J_A_E	YE505K	3.01	-3.21	-9.44	-14.5	-2.73	20.49	-18.08	0.44	0.15	1.79	7.97	2.36	-2.2	-0.06	0.0	-0.16	0.07	3.59865	-6.60865
6M0J_A_E	YE505L	2.4436	-3.2	-9.44	-14.39	-2.63	19.82	-18.23	0.47	0.18	1.62	7.79	2.31	-2.13	-0.03	0.0	-0.07	0.07	3.77473	-6.21833
6M0J_A_E	YE505M	2.1439	-3.22	-9.44	-14.75	-2.73	20.04	-18.69	0.64	0.15	1.72	8.03	2.35	-2.13	-0.03	0.0	-0.08	0.07	3.70105	-5.84495
6M0J_A_E	YE505N	3.5794	-3.17	-9.44	-14.26	-2.53	20.18	-17.48	0.4	0.14	1.61	7.73	2.22	-2.13	-0.03	0.0	-0.06	0.07	3.47805	-7.05745
6M0J_A_E	YE505P	3.7782	-3.13	-9.44	-13.95	-2.5	19.35	-17.45	0.53	0.14	1.55	7.38	3.07	-2.13	-0.03	0.0	-0.06	0.07	3.43784	-7.21604
6M0J_A_E	YE505Q	3.4688	-3.21	-9.44	-14.41	-2.6	20.31	-17.74	0.44	0.22	1.71	8.15	2.25	-2.32	-0.03	0.0	-0.13	0.07	3.52845	-6.997249999999999
6M0J_A_E	YE505R	2.0029	-3.19	-9.71	-15.16	-3.59	21.87	-18.15	0.46	0.18	1.78	7.92	2.41	-2.75	-0.1	0.0	-0.19	0.07	3.53511	-5.53801
6M0J_A_E	YE505S	3.3315	-3.25	-9.59	-13.89	-2.54	19.52	-17.02	0.38	0.14	1.53	7.71	2.14	-2.12	-0.03	0.0	-0.09	0.07	3.77161	-7.10311
6M0J_A_E	YE505T	3.0378	-3.27	-9.59	-14.11	-2.62	19.86	-17.49	0.42	0.28	1.55	7.61	2.21	-2.11	-0.03	0.0	-0.1	0.07	3.39104	-6.428839999999999
6M0J_A_E	YE505V	2.2867	-3.19	-9.44	-14.22	-2.63	19.59	-18.0	0.42	0.31	1.56	7.41	2.17	-2.0	-0.03	0.0	-0.1	0.07	3.57576	-5.86246
6M0J_A_E	YE505W	0.1167	-3.21	-11.15	-15.21	-2.88	21.07	-18.86	0.44	0.15	1.91	7.73	2.55	-2.36	-0.03	0.0	-0.12	0.07	-0.54611	0.4294099999999999
